[{
		"day": {
			"num": 1,
			"date": "01.05.2021",
			"datetime": "2021-05-01"
		},
		"title": "ROSA<br>peak",
		"text": "Вертикальный километр. Забег в небеса, на вершину горы Роза Пик. Стартуй внизу, финишируй - за облаками! Вертикальный километр. Забег в небеса, на вершину горы Роза Пик. Стартуй внизу, финишируй - за облаками!",
		"price": "1 900",
		"icons": {
			"icon_1": {
				"name": "length",
				"text": "ДЛИНА - 7 КМ"
			},
			"icon_2": {
				"name": "mount",
				"text": "НАБОР ВЫСОТЫ - 1150 М"
			},
			"icon_3": {
				"name": "running",
				"text": "1250 УЧАСТНИКОВ"
			},
			"icon_4": {
				"name": "bird",
				"text": "2 пункта питания"
			}
		},
		"photo": "day-1"
	},
	{
		"day": {
			"num": 2,
			"date": "02.05.2021",
			"datetime": "2021-05-02"
		},
		"title": "ROSA<br>quest",
		"text": "Тимбилдинг на бегу. Собери свою команду или предоставь это нам! Пройди все испытания и доберись вместе с друзьями до финиша.",
		"price": "1 250",
		"icons": {
			"icon_1": {
				"name": "length",
				"text": "ДЛИНА - 7 КМ"
			},
			"icon_2": {
				"name": "question",
				"text": "15 заданий"
			},
			"icon_3": {
				"name": "",
				"text": ""
			},
			"icon_4": {
				"name": "",
				"text": ""
			}
		},
		"photo": "day-2"
	},
	{
		"day": {
			"num": 3,
			"date": "03.05.2021",
			"datetime": "2021-05-03"
		},
		"title": "ROSA<br>carnival",
		"text": "Какой ты супергерой? Придумай эффектный костюм и зажги на самом массовом карнавале в России! Тематику карнавала в 2021 году сообщим немного позже.",
		"price": "1 250",
		"icons": {
			"icon_1": {
				"name": "length",
				"text": "ДЛИНА - 2,1 КМ"
			},
			"icon_2": {
				"name": "",
				"text": ""
			},
			"icon_3": {
				"name": "",
				"text": ""
			},
			"icon_4": {
				"name": "",
				"text": ""
			}
		},
		"photo": "day-3"
	},
	{
		"day": {
			"num": 4,
			"date": "04.05.2021",
			"datetime": "2021-05-04"
		},
		"title": "ROSA<br>green trail",
		"text": "Вертикальный километр. Забег в небеса, на вершину горы Роза Пик. Стартуй внизу, финишируй - за облаками! Вертикальный километр. Забег в небеса, на вершину горы Роза Пик. Стартуй внизу, финишируй - за облаками!",
		"price": "1 900",
		"icons": {
			"icon_1": {
				"name": "length",
				"text": "ДЛИНА - 8 КМ"
			},
			"icon_2": {
				"name": "mount",
				"text": "НАБОР ВЫСОТЫ - до 450 М"
			},
			"icon_3": {
				"name": "running",
				"text": "800 УЧАСТНИКОВ"
			},
			"icon_4": {
				"name": "bird",
				"text": "2 пункта питания"
			}
		},
		"photo": "day-4"
	},
	{
		"day": {
			"num": 4,
			"date": "04.05.2021",
			"datetime": "2021-05-04"
		},
		"title": "ROSA<br>red trail ",
		"text": "Вертикальный километр. Забег в небеса, на вершину горы Роза Пик. Стартуй внизу, финишируй - за облаками! Вертикальный километр. Забег в небеса, на вершину горы Роза Пик. Стартуй внизу, финишируй - за облаками!",
		"price": "1 900",
		"icons": {
			"icon_1": {
				"name": "length",
				"text": "ДЛИНА - 26 КМ"
			},
			"icon_2": {
				"name": "mount",
				"text": "НАБОР ВЫСОТЫ - до 1200 М"
			},
			"icon_3": {
				"name": "running",
				"text": "1200 УЧАСТНИКОВ"
			},
			"icon_4": {
				"name": "bird",
				"text": "2 пункта питания"
			}
		},
		"photo": "day-5"
	},
	{
		"day": {
			"num": 4,
			"date": "04.05.2021",
			"datetime": "2021-05-04"
		},
		"title": "ROSA<br>kids ",
		"text": "Вертикальный километр. Забег в небеса, на вершину горы Роза Пик. Стартуй внизу, финишируй - за облаками! Вертикальный километр. Забег в небеса, на вершину горы Роза Пик. Стартуй внизу, финишируй - за облаками!",
		"price": "1 900",
		"icons": {
			"icon_1": {
				"name": "length",
				"text": "ДЛИНА - 7 КМ"
			},
			"icon_2": {
				"name": "mount",
				"text": "НАБОР ВЫСОТЫ - 1150 М"
			},
			"icon_3": {
				"name": "running",
				"text": "1250 УЧАСТНИКОВ"
			},
			"icon_4": {
				"name": "bird",
				"text": "2 пункта питания"
			}
		},
		"photo": "day-6"
	}
]